week_start,week_end,rank,title,weeks_in_top10,views,runtime,hours_viewed
2026-03-02,2026-03-08,1,Bridgerton: Season 4,9,13100000,8:53,116400000
2026-03-02,2026-03-08,2,The Dinosaurs: Season 1,3,10400000,3:06,32300000
2026-03-02,2026-03-08,3,The Night Agent: Season 3,4,5200000,8:43,45000000
2026-03-02,2026-03-08,4,Vladimir: Limited Series,2,4200000,4:01,17000000
2026-03-02,2026-03-08,5,Formula 1: Drive to Survive: Season 8,2,3000000,6:04,18500000
2026-03-02,2026-03-08,6,"Raw: 2026 - March 2, 2026",1,3000000,1:41,5400000
2026-03-02,2026-03-08,7,Gabby's Dollhouse: Season 13,1,2500000,2:02,5100000
2026-03-02,2026-03-08,8,Bridgerton: Season 1,20,2200000,8:12,18300000
2026-03-02,2026-03-08,9,The Mentalist: Season 1,1,2200000,16:36,36800000
2026-03-02,2026-03-08,10,Love Is Blind: S10: Ohio,4,2000000,12:06,24100000
2026-03-09,2026-03-15,1,ONE PIECE: Season 2,5,16800000,8:06,136200000
2026-03-09,2026-03-15,2,The Dinosaurs: Season 1,3,9600000,3:06,29900000
2026-03-09,2026-03-15,3,Love Is Blind: The Reunion,1,8900000,1:32,13700000
2026-03-09,2026-03-15,4,Virgin River: Season 7,4,7000000,8:15,58000000
2026-03-09,2026-03-15,5,Bridgerton: Season 4,9,5300000,8:53,47100000
2026-03-09,2026-03-15,6,Age of Attraction: Season 1,2,3800000,5:01,19100000
2026-03-09,2026-03-15,7,ONE PIECE: Season 1,11,3600000,7:34,27000000
2026-03-09,2026-03-15,8,Vladimir: Limited Series,2,3500000,4:01,14100000
2026-03-09,2026-03-15,9,The Night Agent: Season 3,4,3200000,8:43,28200000
2026-03-09,2026-03-15,10,"Raw: 2026 - March 9, 2026",1,2800000,1:41,5000000
2026-03-16,2026-03-22,1,ONE PIECE: Season 2,5,11100000,8:06,90300000
2026-03-16,2026-03-22,2,Virgin River: Season 7,4,7700000,8:15,63900000
2026-03-16,2026-03-22,3,Beauty in Black: Season 2,6,5300000,13:52,73900000
2026-03-16,2026-03-22,4,ONE PIECE: Season 1,11,4400000,7:34,33100000
2026-03-16,2026-03-22,5,The Dinosaurs: Season 1,3,3400000,3:06,10400000
2026-03-16,2026-03-22,6,Bridgerton: Season 4,9,3200000,8:53,28600000
2026-03-16,2026-03-22,7,Age of Attraction: Season 1,2,3200000,6:52,21700000
2026-03-16,2026-03-22,8,"Raw: 2026 - March 16, 2026",1,3000000,1:56,5900000
2026-03-16,2026-03-22,9,Love & Death: Season 1,1,2900000,6:17,18400000
2026-03-16,2026-03-22,10,Mark Rober's CrunchLabs: Season 3,1,2900000,2:13,6400000
2026-03-23,2026-03-29,1,ONE PIECE: Season 2,5,5900000,8:06,47500000
2026-03-23,2026-03-29,2,Something Very Bad Is Going to Happen: Season 1,3,4500000,6:21,28300000
2026-03-23,2026-03-29,3,Beauty in Black: Season 2,6,4200000,13:52,57700000
2026-03-23,2026-03-29,4,Virgin River: Season 7,4,4100000,8:15,33800000
2026-03-23,2026-03-29,5,Homicide: New York: Season 2,2,3600000,4:13,15200000
2026-03-23,2026-03-29,6,"Raw: 2026 - March 23, 2026",1,2900000,1:51,5500000
2026-03-23,2026-03-29,7,The Predator of Seville: Limited Series,2,2800000,2:24,6600000
2026-03-23,2026-03-29,8,ONE PIECE: Season 1,11,2600000,7:34,19600000
2026-03-23,2026-03-29,9,Heartbreak High: Season 3,1,2400000,6:19,15100000
2026-03-23,2026-03-29,10,Bridgerton: Season 4,9,2400000,8:53,21100000
2026-03-30,2026-04-05,1,"XO, Kitty: Season 3",3,12900000,4:20,55900000
2026-03-30,2026-04-05,2,Something Very Bad Is Going to Happen: Season 1,3,6900000,6:21,43800000
2026-03-30,2026-04-05,3,The Predator of Seville: Limited Series,2,4700000,2:24,11300000
2026-03-30,2026-04-05,4,ONE PIECE: Season 2,5,3500000,8:06,28500000
2026-03-30,2026-04-05,5,Love on the Spectrum: Season 4,2,3400000,5:57,20400000
2026-03-30,2026-04-05,6,"Raw: 2026 - March 30, 2026",1,3000000,1:47,5500000
2026-03-30,2026-04-05,7,Homicide: New York: Season 2,2,2600000,4:13,10800000
2026-03-30,2026-04-05,8,Virgin River: Season 7,4,2400000,8:15,19900000
2026-03-30,2026-04-05,9,Beauty in Black: Season 2,6,2300000,13:52,31700000
2026-03-30,2026-04-05,10,Ripple: Season 1,1,2000000,5:35,11100000
2026-04-06,2026-04-12,1,Trust Me: The False Prophet: Season 1,3,9800000,3:17,32100000
2026-04-06,2026-04-12,2,"XO, Kitty: Season 3",3,7800000,4:20,34000000
2026-04-06,2026-04-12,3,Danny Go!: Season 1,4,5300000,2:02,10800000
2026-04-06,2026-04-12,4,Love on the Spectrum: Season 4,2,3500000,5:57,20600000
2026-04-06,2026-04-12,5,Something Very Bad Is Going to Happen: Season 1,3,3100000,6:21,19700000
2026-04-06,2026-04-12,6,"Raw: 2026 - April 6, 2026",1,2900000,1:46,5500000
2026-04-06,2026-04-12,7,The Cleaning Lady: Season 1,2,2800000,7:16,20200000
2026-04-06,2026-04-12,8,Big Mistakes: Season 1,2,2700000,4:27,12200000
2026-04-06,2026-04-12,9,ONE PIECE: Season 2,5,2200000,8:06,18200000
2026-04-06,2026-04-12,10,Salish & Jordan Matter: Season 1,4,2100000,3:32,7400000
2026-04-13,2026-04-19,1,Trust Me: The False Prophet: Season 1,3,6900000,3:17,22700000
2026-04-13,2026-04-19,2,Salish & Jordan Matter: Season 1,4,5000000,3:32,17700000
2026-04-13,2026-04-19,3,Big Mistakes: Season 1,2,4400000,4:27,19400000
2026-04-13,2026-04-19,4,"XO, Kitty: Season 3",3,3000000,4:20,13000000
2026-04-13,2026-04-19,5,"Raw: 2026 - April 13, 2026",1,2900000,1:53,5600000
2026-04-13,2026-04-19,6,At Home With The Furys: Season 2,1,2800000,6:00,16700000
2026-04-13,2026-04-19,7,The Cleaning Lady: Season 1,2,2600000,7:16,18800000
2026-04-13,2026-04-19,8,Temptation Island: Season 2,1,2500000,8:43,21500000
2026-04-13,2026-04-19,9,Danny Go!: Season 1,4,2500000,2:02,5000000
2026-04-13,2026-04-19,10,BEEF: Season 2,2,2400000,5:52,14100000
2026-04-20,2026-04-26,1,Unchosen: Season 1,3,10400000,4:30,46900000
2026-04-20,2026-04-26,2,Running Point: Season 2,3,5300000,4:47,25200000
2026-04-20,2026-04-26,3,BEEF: Season 2,2,4100000,5:52,23800000
2026-04-20,2026-04-26,4,"Raw: 2026 - April 20, 2026",1,3300000,1:59,6600000
2026-04-20,2026-04-26,5,Hulk Hogan: Real American: Limited Series,2,3000000,4:08,12300000
2026-04-20,2026-04-26,6,Salish & Jordan Matter: Season 1,4,2900000,3:32,10100000
2026-04-20,2026-04-26,7,Stranger Things: Tales From '85: Season 1,2,2800000,4:52,13800000
2026-04-20,2026-04-26,8,Trust Me: The False Prophet: Season 1,3,2600000,3:17,8600000
2026-04-20,2026-04-26,9,The Staircase: Season 1,1,2600000,8:40,22700000
2026-04-20,2026-04-26,10,Million Dollar Secret: Season 2,1,2600000,5:43,14600000
2026-04-27,2026-05-03,1,Man on Fire: Season 1,4,11000000,5:33,61000000
2026-04-27,2026-05-03,2,Should I Marry A Murderer?: Limited Series,3,10600000,2:31,26800000
2026-04-27,2026-05-03,3,Unchosen: Season 1,3,8800000,4:30,39700000
2026-04-27,2026-05-03,4,Running Point: Season 2,3,6700000,4:47,32000000
2026-04-27,2026-05-03,5,Hulk Hogan: Real American: Limited Series,2,3100000,4:08,12900000
2026-04-27,2026-05-03,6,"Raw: 2026 - April 27, 2026",1,2800000,1:47,5200000
2026-04-27,2026-05-03,7,Running Point: Season 1,6,2500000,5:04,12500000
2026-04-27,2026-05-03,8,Danny Go!: Season 1,4,2300000,2:02,4600000
2026-04-27,2026-05-03,9,Salish & Jordan Matter: Season 1,4,2200000,3:32,7700000
2026-04-27,2026-05-03,10,Stranger Things: Tales From '85: Season 1,2,2100000,4:52,10100000
2026-05-04,2026-05-10,1,Man on Fire: Season 1,4,12600000,5:33,70200000
2026-05-04,2026-05-10,2,Should I Marry A Murderer?: Limited Series,3,8000000,2:31,20100000
2026-05-04,2026-05-10,3,Worst Ex Ever: Season 2,3,8000000,4:01,32000000
2026-05-04,2026-05-10,4,Legends: Season 1,3,3400000,5:54,20300000
2026-05-04,2026-05-10,5,Running Point: Season 2,3,3300000,4:47,15800000
2026-05-04,2026-05-10,6,Unchosen: Season 1,3,3100000,4:30,14100000
2026-05-04,2026-05-10,7,"Raw: 2026 - May 4, 2026",1,2700000,1:36,4600000
2026-05-04,2026-05-10,8,Lord of the Flies: Limited Series,1,2500000,4:03,10300000
2026-05-04,2026-05-10,9,Funny AF with Kevin Hart: Season 1 - The Live Semifinals,1,2200000,1:11,2600000
2026-05-04,2026-05-10,10,La Brea: Season 1,3,2100000,7:11,14900000
2026-05-11,2026-05-17,1,The Roast of Kevin Hart,2,13500000,2:52,38600000
2026-05-11,2026-05-17,2,Worst Ex Ever: Season 2,3,8100000,4:01,32600000
2026-05-11,2026-05-17,3,Nemesis: Season 1,2,7100000,7:47,55000000
2026-05-11,2026-05-17,4,Legends: Season 1,3,6600000,5:54,38700000
2026-05-11,2026-05-17,5,Man on Fire: Season 1,4,5500000,5:33,30300000
2026-05-11,2026-05-17,6,Devil May Cry: Season 2,2,4100000,4:46,19400000
2026-05-11,2026-05-17,7,"Raw: 2026 - May 11, 2026",1,2600000,1:47,4800000
2026-05-11,2026-05-17,8,Should I Marry A Murderer?: Limited Series,3,2500000,2:31,6400000
2026-05-11,2026-05-17,9,Perfect Match: Season 4,2,2300000,4:58,11300000
2026-05-11,2026-05-17,10,Danny Go!: Season 1,4,2100000,2:02,4300000
2026-05-18,2026-05-24,1,Nemesis: Season 1,2,11400000,7:47,88900000
2026-05-18,2026-05-24,2,The Boroughs: Season 1,1,5600000,6:15,35300000
2026-05-18,2026-05-24,3,Worst Ex Ever: Season 2,3,3600000,4:01,14600000
2026-05-18,2026-05-24,4,The Roast of Kevin Hart,2,3100000,2:52,9000000
2026-05-18,2026-05-24,5,Man on Fire: Season 1,4,3000000,5:33,16800000
2026-05-18,2026-05-24,6,Legends: Season 1,3,2900000,5:54,17400000
2026-05-18,2026-05-24,7,"Raw: 2026 - May 18, 2026",1,2600000,1:43,4600000
2026-05-18,2026-05-24,8,Perfect Match: Season 4,2,2400000,7:04,17100000
2026-05-18,2026-05-24,9,Devil May Cry: Season 2,2,2300000,4:46,10800000
2026-05-18,2026-05-24,10,Kylie: Limited Series,1,2100000,3:04,6400000
